<?xml version="1.0" ?>

<root>

	<wave id="1">
		<enemy chance="1" hp="175" mesh="CobraFighter.mesh"></enemy>
		<enemy chance="1" hp="200" mesh="CobraBomber.mesh"></enemy>
	</wave>

	<wave id="2">
		<enemy chance="1" hp="225" mesh="CobraInterceptor.mesh"></enemy>
		<enemy chance="1" hp="225" mesh="CobraBomber.mesh"></enemy>
	</wave>
	
	<wave id="3">
		<enemy chance="1" hp="350" mesh="CobraInterceptor.mesh"></enemy>
		<enemy chance="3" hp="355" mesh="CobraFighter.mesh"></enemy>
	</wave>
	
	<wave id="4">
		<enemy chance="1" hp="400" mesh="Thunderbolt.mesh"></enemy>
		<enemy chance="5" hp="400" mesh="CobraFighter.mesh"></enemy>
	</wave>
  
</root>
 